0.000000000000000000e+00,5.000000000000000000e-01,6.015625000000000000e-01,7.031250000000000000e-01,8.046875000000000000e-01,9.062500000000000000e-01,1.007812500000000000e+00,1.109375000000000000e+00,1.210937500000000000e+00,1.312500000000000000e+00,1.414062500000000000e+00,1.515625000000000000e+00,1.617187500000000000e+00,1.718750000000000000e+00,1.820312500000000000e+00,1.921875000000000000e+00,2.023437500000000000e+00,2.125000000000000000e+00,2.226562500000000000e+00,2.328125000000000000e+00,2.429687500000000000e+00,2.531250000000000000e+00,2.632812500000000000e+00,2.734375000000000000e+00,2.835937500000000000e+00,2.937500000000000000e+00,3.039062500000000000e+00,3.140625000000000000e+00,3.242187500000000000e+00,3.343750000000000000e+00,3.445312500000000000e+00,3.546875000000000000e+00,3.648437500000000000e+00,3.750000000000000000e+00,3.851562500000000000e+00,3.953125000000000000e+00,4.054687500000000000e+00,4.156250000000000000e+00,4.257812500000000000e+00,4.359375000000000000e+00,4.460937500000000000e+00,4.562500000000000000e+00,4.664062500000000000e+00,4.765625000000000000e+00,4.867187500000000000e+00,4.968750000000000000e+00,5.070312500000000000e+00,5.171875000000000000e+00,5.273437500000000000e+00,5.375000000000000000e+00,5.476562500000000000e+00,5.578125000000000000e+00,5.679687500000000000e+00,5.781250000000000000e+00,5.882812500000000000e+00,5.984375000000000000e+00,6.085937500000000000e+00,6.187500000000000000e+00,6.289062500000000000e+00,6.390625000000000000e+00,6.492187500000000000e+00,6.593750000000000000e+00,6.695312500000000000e+00,6.796875000000000000e+00,6.898437500000000000e+00,7.000000000000000000e+00
0.000000000000000000e+00,0,0,0,0,0,0.204378,0.023305,0.0547438,0.0879994,0.555674,0.219448,0.276073,1.22211,1.32996,0.966614,0.352689,0.819362,0.908334,2.06503,1.84216,1.45154,1.49355,1.34016,2.00238,1.43391,1.97722,1.65624,1.2949,0.620727,0.60087,1.12342,0.487223,1.0947,0.21226,2.76246,2.59096,1.73534,2.28879,2.61669,0.769937,0.608566,0.460372,0.694284,0.402457,2.17387,0.830855,1.10862,1.02694,0.552275,1.11043,1.49632,1.37429,1.39464,1.51298,0,0,0,0,0,0,0,0,0,0,0
3.333333333333333547e-03,0.00255423,0.00369091,0.00503214,0.00657539,0.0083178,0.709323,0.323203,0.0147061,0.102926,0.219689,0.200841,0.687696,0.233617,0.0989878,3.06784,0.369405,0.704604,0.715707,0.875638,1.30633,1.59329,1.37629,1.05664,1.7212,0.84253,1.42218,0.870832,0.688644,0.752711,0.834475,1.31791,1.06021,1.39366,1.38604,1.40797,3.25181,2.50137,2.00425,1.73824,0.685475,1.21382,0.87792,0.2311,0.343984,0.716946,1.39112,0.939388,1.03209,1.07452,0.94363,1.45907,1.45023,1.41905,1.57231,0.236298,0.241437,0.246537,0.251595,0.256611,0.261584,0.266511,0.271392,0.276225,0.28101,0.285747
6.666666666666667095e-03,0.00510852,0.0073819,0.0100644,0.0131509,0.0166358,0.352103,0.288153,0.257467,0.174361,0.283628,0.14788,0.502213,0.707769,0.0690232,0.382035,0.305713,0.738336,1.42816,0.993,1.04375,1.44844,1.32551,1.12503,1.76763,1.05777,1.52566,1.21652,1.04809,0.610411,0.738731,0.982723,1.20389,0.848716,1.25619,0.869095,1.40113,2.67798,1.79765,1.21062,0.846055,0.858846,0.841288,0.556755,0.342241,1.21071,0.987734,1.22485,0.904757,0.751707,1.0505,1.20156,1.45164,1.3469,1.42276,0.472335,0.482589,0.492763,0.502853,0.512858,0.522773,0.532597,0.542327,0.551961,0.561496,0.570933
1.000000000000000021e-02,0.00766292,0.011073,0.0150968,0.0197267,0.0249541,0.607108,0.175061,0.0262807,0.654707,0.35346,0.1859,0.0989852,0.0812743,0.193895,0.276578,0.392932,0.751813,0.997946,1.08925,0.89651,1.60288,1.44159,0.963697,0.906057,0.891412,1.13498,0.908077,0.589157,0.681257,0.746115,1.35013,0.975892,1.01402,1.56068,1.37408,2.2371,2.66848,1.66775,0.939236,1.25786,0.461055,1.31169,0.372464,0.298541,0.637693,0.56734,0.862499,1.0918,0.829491,1.00701,1.06969,1.24174,1.37969,1.48105,0.707846,0.723168,0.738366,0.753437,0.768374,0.783174,0.797834,0.812348,0.826716,0.840932,0.854996
1.333333333333333419e-02,0.0102175,0.0147644,0.0201296,0.0263029,0.0332729,0.905693,0.170601,0.0609089,0.0701589,0.334062,0.165368,0.170105,1.07178,0.427603,1.90391,0.40684,0.870827,1.00206,0.663507,0.67845,1.77018,1.15402,1.03477,1.327,0.791436,1.73557,1.49379,0.69989,0.726305,0.597972,0.857858,0.749946,0.747247,1.34384,1.29195,2.22383,2.52693,1.2857,0.763846,0.186322,0.477934,0.515602,0.316686,0.346181,0.245781,0.888343,0.670612,0.29513,0.895249,1.10479,0.840945,1.08418,1.30299,1.5608,0.942567,0.962886,0.983034,1.003,1.02279,1.04239,1.06179,1.081,1.1,1.11879,1.13737
1.666666666666666644e-02,0.0127723,0.0184561,0.0251628,0.0328797,0.0415924,0.673179,0.276415,0.132231,0.0838171,0.272647,0.172103,0.78369,0.408203,0.303295,0.958677,0.357084,0.905789,0.877862,0.805883,1.11131,1.62847,1.58436,0.819901,0.866083,1.20757,1.33358,1.02544,0.806491,0.740576,0.593139,0.940822,0.604976,1.85496,1.01654,0.944918,1.58073,0.947956,1.74661,1.62493,1.08971,0.543443,0.38627,0.488435,0.49841,0.318239,0.385864,0.36911,1.06428,1.25713,1.21716,0.853608,0.976088,1.31328,1.46129,1.17623,1.20145,1.22645,1.25121,1.27574,1.30002,1.32404,1.34781,1.37131,1.39454,1.4175
2.000000000000000042e-02,0.0153273,0.0221482,0.0301966,0.0394572,0.0499128,0.35026,0.191869,0.212256,0.195245,0.304721,0.175027,0.602084,0.283462,0.471643,0.382127,0.511991,0.90252,1.05236,1.12145,1.21304,1.46214,1.38364,0.742579,1.1358,0.8977,1.54786,1.069,0.960075,0.809925,0.754693,0.587783,0.704141,0.241857,1.38999,1.31842,1.47223,1.0579,1.15047,0.825098,0.804708,0.556867,0.79634,0.751045,0.49035,0.437219,0.540802,0.36212,0.91106,1.26084,0.505312,0.620884,0.844617,1.33753,1.68583,1.40857,1.43857,1.46829,1.49772,1.52684,1.55566,1.58415,1.61232,1.64015,1.66765,1.6948
2.333333333333333440e-02,0.0178827,0.0258408,0.0352309,0.0460355,0.0582342,0.456508,0.438192,0.0887833,0.274905,0.223318,0.137889,0.454385,0.40064,0.226318,1.33177,0.480233,0.96235,1.22296,0.615385,0.778594,1.40149,1.245,0.949578,0.872317,0.781182,0.672797,0.821424,0.678037,0.868778,0.519364,0.351597,0.969089,0.837539,1.18715,1.11053,2.09334,0.952079,1.8437,1.11257,0.825775,0.691706,0.44188,0.456795,0.39424,0.678907,0.475793,0.73897,0.98363,0.678034,0.757619,0.825763,1.21686,1.20161,1.50223,1.6393,1.67394,1.70824,1.74217,1.77573,1.8089,1.84168,1.87406,1.90603,1.93758,1.96872
2.666666666666666838e-02,0.0204385,0.0295339,0.0402661,0.0526147,0.0665568,0.192929,0.148562,0.233665,0.299749,0.229968,0.16634,1.15331,0.782057,0.258658,0.286717,0.427295,0.940978,1.23419,1.3167,1.40251,1.75396,1.54127,1.38052,0.720087,0.987415,0.795622,0.686744,0.535155,1.04344,0.671266,0.95711,1.4697,1.68049,1.10071,1.47569,1.04074,1.30434,0.915217,0.855542,0.700205,0.375209,0.491018,0.512777,0.583555,0.568173,1.0082,0.409301,0.539321,0.688029,0.594856,0.82363,0.912258,1.2472,1.75598,1.86815,1.90726,1.94595,1.9842,2.022,2.05933,2.09618,2.13255,2.16843,2.2038,2.23867
3.000000000000000236e-02,0.0229947,0.0332277,0.0453021,0.0591951,0.0748808,0.532269,0.249711,0.199987,0.523615,0.298035,0.147126,0.779364,0.0760491,0.190209,0.187789,0.552345,1.02559,1.14261,1.5023,1.33517,1.50915,1.41434,0.790306,0.771427,1.34623,1.0777,0.804439,0.532866,0.701216,1.40759,1.09455,0.652569,0.766359,1.67672,2.04801,2.07247,1.31646,1.07213,0.911197,0.871465,0.750936,0.450066,0.546964,0.570302,0.414045,0.903996,0.728842,0.652687,0.702458,0.600034,0.994137,0.913568,1.24228,1.51813,2.09483,2.13822,2.18111,2.22346,2.26528,2.30653,2.34722,2.38733,2.42685,2.46577,2.5041
3.333333333333333287e-02,0.0255515,0.0369222,0.050339,0.0657767,0.0832063,0.676142,0.22465,0.625421,0.289714,0.338712,0.183824,1.07094,0.289822,0.578692,1.41797,0.445866,1.03156,1.04875,2.03795,1.32092,1.50114,1.09246,1.05977,0.760233,0.533379,1.1221,1.05356,0.700903,1.34632,0.871388,0.697413,1.10145,1.24219,0.723896,1.41826,0.785458,0.970908,0.611472,1.09886,0.632782,0.547535,0.337942,0.676511,0.793316,0.694555,0.699544,0.671014,0.905005,1.08452,0.962973,0.620419,0.713838,1.34274,1.61043,1.81757,2.36651,2.41336,2.45959,2.50517,2.55009,2.59434,2.6379,2.68078,2.72295,2.76442
3.666666666666666685e-02,0.0281088,0.0406175,0.055377,0.0723596,0.0915335,0.122903,0.107282,0.161829,0.183918,0.176288,0.168984,1.03795,0.349018,0.331273,1.05269,0.489558,1.35323,0.721392,0.787379,1.48409,1.38182,1.05745,1.21491,0.736614,0.590973,0.454645,0.38379,0.629278,1.39083,0.552282,1.25286,1.32896,1.38436,0.789447,1.28558,1.16665,0.595407,1.13838,0.917504,0.733912,0.751889,0.457777,0.318244,0.646929,0.727486,0.906992,1.08147,1.12615,1.10199,0.882055,0.45894,0.336602,2.43587,1.59076,1.84525,2.5918,2.64237,2.6922,2.74127,2.78957,2.83709,2.8838,2.92972,2.97481,3.01909
4.000000000000000083e-02,0.0306667,0.0443136,0.0604162,0.0789441,0.0998626,0.121464,0.348998,0.449859,0.299103,0.390482,0.180622,0.691339,1.09155,0.359789,0.418815,0.648932,1.37754,0.98467,1.66568,1.71858,1.37419,0.994765,1.22869,1.20174,0.786093,0.459109,1.09108,1.27383,0.807172,0.496722,0.776323,1.28152,1.23133,2.34276,2.26097,0.80154,0.974595,0.67182,2.01023,0.945251,0.620067,0.874553,0.508894,0.65895,0.810615,0.943546,0.861907,0.947422,1.04096,0.294319,0.712349,1.94774,1.27571,2.70326,1.80599,2.81378,2.86778,2.92093,2.97319,3.02456,3.07502,3.12456,3.17316,3.22084,3.26757
4.333333333333333481e-02,0.0332252,0.0480107,0.0654567,0.0855302,0.108194,0.157421,0.310815,0.388283,0.319914,0.378082,0.186379,1.06449,0.376822,0.311142,0.350591,0.626532,1.50478,0.955992,1.01894,1.18606,1.2674,1.4067,0.686127,0.920149,0.881758,0.873718,1.75953,1.18499,1.02722,0.204546,0.971906,1.60842,2.13237,2.29705,1.15813,0.88815,1.21187,0.779264,1.28684,0.699512,0.600848,0.595428,0.50949,0.861693,0.758729,1.2609,1.09048,1.50578,1.06647,0.485835,0.64326,2.15249,2.85491,2.91491,2.97398,3.0321,3.08925,3.1454,3.20054,3.25464,3.3077,3.3597,3.41064,3.46051,3.50931
4.666666666666666879e-02,0.0357845,0.0517089,0.0704986,0.0921182,0.116527,0.150307,0.213109,0.206013,0.630803,0.223889,0.203667,0.828651,0.398257,0.452787,1.17356,0.667317,0.743979,1.03359,1.39216,1.1908,1.14252,1.1329,1.23651,1.005,0.850134,0.850707,0.795145,0.869412,1.2081,1.09633,0.535077,0.992699,1.55075,2.16632,1.62316,1.21141,0.615426,0.504677,1.01108,0.736714,0.336871,0.505488,0.647164,0.650449,0.739542,0.772477,1.29452,1.07332,2.29884,1.57238,1.19911,2.99565,3.05993,3.12318,3.18537,3.24646,3.30643,3.36525,3.42291,3.47939,3.53469,3.58878,3.64167,3.69336,3.74384
5.000000000000000278e-02,0.0383446,0.0554081,0.075542,0.0987081,0.124863,0.153958,0.133393,0.35819,0.436439,0.234612,0.199533,1.05883,0.17054,0.253644,0.445471,0.484083,0.811322,1.30394,0.902977,1.0443,1.06722,1.17225,1.31331,1.40595,1.2013,0.805582,1.27913,2.13,1.1464,1.48801,0.820061,1.09609,1.05414,2.10516,1.78141,2.31157,0.590188,0.881395,0.742191,0.831594,0.760557,0.659014,0.754947,0.742331,0.715035,1.08083,0.920824,2.25427,1.5577,1.28629,2.81152,0.934278,2.04317,4.98688,3.39278,3.45651,3.51896,3.5801,3.63993,3.69842,3.75556,3.81136,3.86582,3.91892,3.97068
5.333333333333333676e-02,0.0409055,0.0591086,0.0805869,0.1053,0.133201,0.225218,0.0760041,0.217994,0.448209,0.257265,0.245073,0.924887,0.299981,0.373214,0.885097,0.634059,1.06787,0.937337,0.723463,1.05636,1.26568,1.16949,1.3612,0.951129,1.16538,0.854488,1.04389,1.03183,1.51118,0.771909,0.863817,1.5765,1.60858,2.34146,0.486739,1.23657,0.697204,0.876656,0.979038,0.847863,0.765775,0.660011,0.731783,0.979087,0.730239,0.858146,1.13869,1.67738,1.16246,2.7151,1.63106,2.16867,3.45962,3.52846,3.59591,3.66193,3.7265,3.7896,3.85121,3.91132,3.96994,4.02705,4.08266,4.13677,4.18941
5.666666666666667074e-02,0.0434673,0.0628103,0.0856336,0.111894,0.141543,0.21026,0.112547,0.295447,0.232043,0.244458,0.215271,0.770684,0.599179,0.504741,0.700178,0.59509,0.615415,0.610456,0.864639,1.03661,1.83306,1.18002,1.33045,1.34768,1.2817,0.68887,1.26157,1.31978,1.20158,0.635941,1.72972,3.20448,2.06627,1.49826,0.706521,0.87022,0.82172,0.579829,0.881359,0.729496,0.662384,0.663604,1.09417,1.19421,0.986248,0.760596,1.28835,1.16384,1.59512,2.12369,2.19361,2.01439,1.57165,3.72488,3.79444,3.86239,3.92872,3.99339,4.0564,4.11775,4.17743,4.23545,4.29182,4.34655,4.39966
6.000000000000000472e-02,0.04603,0.0665134,0.0906822,0.118491,0.149887,0.1685,0.190768,0.41683,0.656087,0.288031,0.226065,0.698767,0.361706,1.91427,0.568633,0.793343,0.935068,0.6839,1.09705,0.922749,1.17196,1.00191,0.931416,1.24764,1.20907,2.24228,1.02421,0.962619,1.25639,1.86966,1.09462,2.22218,2.64653,2.50069,1.43393,1.11801,1.42564,1.20925,0.941916,0.67636,0.626581,0.632012,0.849461,0.69667,0.785585,1.09507,2.14796,2.35285,2.50325,2.24735,3.69237,1.46608,1.47146,3.91678,3.98809,4.0576,4.12529,4.19115,4.25517,4.31736,4.37771,4.43625,4.49298,4.54794,4.60114
6.333333333333333870e-02,0.0485937,0.0702179,0.0957326,0.12509,0.158234,0.156188,0.154427,0.301303,0.661145,0.324858,0.26682,0.738698,0.244248,0.45142,0.584174,0.598035,0.652134,0.874195,1.09098,0.808285,0.885535,1.03491,1.2519,0.984979,1.36048,1.09674,1.00685,1.17068,1.54485,1.89157,1.56734,1.9919,1.82937,1.9682,1.05234,1.11865,1.34852,0.653746,0.784709,0.473923,0.549486,0.526127,0.516438,1.30445,0.896254,1.35699,1.25859,3.08066,2.55488,3.13344,2.47673,2.28999,4.02922,4.10387,4.17656,4.24724,4.31592,4.38257,4.44721,4.50984,4.57048,4.62914,4.68586,4.74067,4.7936
6.666666666666666574e-02,0.0511586,0.0739239,0.100785,0.131691,0.166584,0.205399,0.369794,0.182654,0.280794,0.25166,0.256244,0.701188,0.270646,0.322927,0.406151,0.672601,1.10587,1.55746,1.28949,1.18626,1.40867,0.820599,0.837496,1.30341,2.11126,1.01682,0.857038,1.06418,1.9224,0.943467,1.95051,4.2718,1.86139,2.04542,1.64751,0.747321,0.87431,0.99477,0.588601,0.684092,0.729955,0.914665,0.993847,1.04609,1.24744,0.918272,1.30601,3.00521,3.8854,2.14865,3.33235,4.13201,2.40278,4.2859,4.35958,4.43105,4.50032,4.56738,4.63225,4.69494,4.75549,4.81391,4.87025,4.92456,4.97688
7.000000000000000666e-02,0.0537245,0.0776316,0.10584,0.138296,0.174938,0.215698,0.260501,0.374326,0.40506,0.309893,0.310366,0.669786,0.144095,0.679557,0.916406,0.687294,1.34166,1.07051,1.61051,1.31192,1.17185,0.832786,1.44691,1.00648,2.28411,0.728836,0.945852,1.3431,1.59102,1.25462,3.79073,4.33118,2.47028,2.10032,1.57083,1.35392,0.786265,0.466904,0.505163,0.543622,0.899829,1.14122,1.1971,1.04473,0.851836,0.657179,1.2911,2.9394,4.05569,4.14168,4.22541,4.30683,4.3859,4.46259,4.53688,4.60877,4.67825,4.74534,4.81006,4.87245,4.93254,4.99038,5.04601,5.0995,5.1509
7.333333333333333370e-02,0.0562916,0.0813409,0.110897,0.144903,0.183295,0.16119,0.162902,0.217021,0.34464,0.376695,0.290175,0.433544,0.62181,0.711986,0.970433,0.729823,1.46049,1.09717,1.44188,1.53722,1.13709,0.818183,1.52349,1.51696,1.54689,1.2934,0.76934,1.07159,1.57121,0.972603,3.22608,3.28868,4.18233,1.96143,1.97177,0.726947,0.504875,0.533783,1.71658,1.01147,0.795188,0.924595,1.11564,0.969424,0.609383,1.38751,2.03236,2.90152,4.22227,4.30964,4.39452,2.7002,4.55659,4.63373,4.70825,4.78016,4.84948,4.91624,4.98046,5.0422,5.10151,5.15844,5.21307,5.26545,5.31566
7.666666666666667462e-02,0.0588599,0.0850519,0.115956,0.151513,0.191657,0.236311,0.926635,0.124873,0.36637,0.462789,0.279462,0.511323,0.620792,0.744425,1.3986,0.852068,1.01218,1.11393,1.29385,1.96896,1.37068,1.15004,2.10207,1.26938,1.4071,0.996459,1.27117,1.70192,1.87866,1.6164,2.60792,3.40306,2.7709,1.83135,1.08753,1.36085,0.903229,0.916152,0.612707,0.282201,0.485277,1.86526,1.0204,0.779338,0.858807,1.33695,0.948242,3.3479,3.44341,4.47332,1.97177,4.64184,1.36324,4.79909,4.30848,4.94505,5.01386,5.07993,5.14332,5.20409,5.26232,5.31807,5.37142,5.42245,5.47125
8.000000000000000167e-02,0.0614295,0.0887648,0.121018,0.158127,0.200022,0.170651,0.297848,0.122215,0.410572,0.457543,0.330359,0.662467,0.631381,0.963697,0.256533,0.905935,1.42812,0.769387,1.38562,1.36704,1.01007,1.14617,1.2234,1.60013,1.69891,2.2666,1.55452,1.80742,1.96356,0.786324,2.23302,4.01839,3.3547,3.66453,1.54182,1.08271,1.35197,2.09886,0.370673,0.450186,1.1697,1.71359,1.15335,1.26784,1.08563,0.936368,2.67469,4.4514,4.54344,4.63251,2.38485,3.3176,4.88157,4.95849,5.03238,5.10328,5.17124,5.23631,5.29857,5.35809,5.41497,5.46929,5.52114,5.57062,5.61783
8.333333333333334259e-02,0.0640004,0.0924796,0.126082,0.164744,0.208391,0.227412,0.3324,0.325386,0.350763,0.495567,0.347969,0.510259,0.358486,0.809333,0.666844,1.01737,1.20809,1.4243,1.23605,1.70354,1.07746,0.939902,1.12292,1.3638,1.76472,1.1687,1.44206,2.28089,3.13597,2.11928,1.30905,3.12914,3.21921,3.20404,0.67985,0.949616,0.643673,0.947706,0.488106,0.519394,0.506899,1.6114,0.958386,1.35541,1.35204,1.55288,3.0788,4.60504,4.69765,4.78703,4.87314,3.34718,5.0355,5.11178,5.18484,5.25474,5.32154,5.38533,5.44619,5.50422,5.55953,5.61221,5.66239,5.71016,5.75564
8.666666666666666963e-02,0.0665728,0.0961965,0.131149,0.171364,0.216765,0.228916,0.314673,0.531444,0.509097,0.673604,0.419528,0.698607,0.754596,0.688125,1.3501,0.922199,1.04624,1.18208,1.54552,1.55177,1.38501,1.05413,1.6319,1.23795,1.74523,2.07622,1.24641,1.42523,2.04287,1.61109,2.55963,2.89139,2.49016,1.44896,2.93315,0.754313,1.19657,0.815157,0.580751,1.28287,0.833908,1.89774,1.11913,1.30085,0.941462,1.04516,1.72047,4.75455,4.84738,4.9367,5.02249,2.45425,5.18353,5.25885,3.06112,5.39937,5.46475,5.527,5.58623,5.64257,5.69612,5.74702,5.79538,5.84132,5.88498
9.000000000000001055e-02,0.0691466,0.0999154,0.136219,0.177988,0.225143,0.277596,0.230046,0.337132,0.61537,0.628988,0.451947,0.466827,0.514449,0.661234,1.06663,1.03668,1.28646,1.25787,1.31129,1.22195,1.20579,0.783638,1.40655,1.35401,1.64206,1.32634,1.11032,1.92849,3.26104,3.12907,3.40087,4.21706,4.22393,3.61325,1.29421,1.11127,1.08898,0.40332,1.30061,1.00538,0.651456,3.00661,3.40433,1.28056,0.98234,1.2135,2.13455,4.89978,4.99246,3.49019,3.3257,5.24789,5.32557,5.39962,5.47011,5.53716,5.60088,5.66138,5.7188,5.77328,5.82494,5.87393,5.92038,5.96444,6.00622
9.333333333333333759e-02,0.0717219,0.103636,0.141292,0.184616,0.233526,0.287931,0.655166,0.875665,0.812075,0.613714,0.427491,0.317006,0.81286,0.468162,0.630433,1.02874,1.41726,1.05634,1.71427,1.5095,1.84614,1.51928,1.80545,2.01306,1.7988,1.54113,1.30793,1.37494,2.59377,3.63552,3.38233,4.19682,4.07982,3.7601,2.08063,1.39573,1.86306,0.635559,0.949971,0.875432,1.64084,3.24131,1.7252,1.89715,2.21502,3.28457,2.54122,5.04056,5.13275,5.22091,5.30506,5.38524,5.46155,5.53405,3.15795,5.66815,5.73001,5.7886,5.84406,5.89656,5.94624,5.99325,6.03775,6.07988,6.11977
9.666666666666667851e-02,0.0742988,0.10736,0.146367,0.191247,0.241914,0.298271,0.359054,0.601562,0.500381,0.667669,0.387946,0.273601,0.84201,0.612225,1.29292,1.2713,1.34111,1.70197,2.00382,1.60244,1.70119,0.710185,1.51307,1.85397,1.57975,2.70797,2.28699,1.65055,2.91135,2.41585,3.45763,4.14662,1.76891,1.99288,0.887554,1.73975,1.3278,2.00452,2.0608,0.825808,1.44798,2.56219,1.34382,2.77434,2.1052,3.34345,5.0811,5.17677,5.26813,5.35522,5.43807,5.51678,5.59144,5.66217,3.37578,5.79244,5.85229,5.90883,5.96224,6.01268,6.06032,6.10533,6.14787,6.18808,6.22611
1.000000000000000056e-01,0.0768773,0.111085,0.151446,0.197883,0.250306,0.153085,0.350256,0.791514,0.275394,0.535921,0.547784,0.197076,0.871173,0.561266,1.4244,1.1324,1.48657,1.58231,1.75278,1.60749,1.35109,1.00942,0.745599,1.9798,2.46923,2.88343,2.43364,1.81434,3.36329,3.98811,2.48172,3.00127,1.53056,1.3038,0.535653,0.63993,1.07395,0.616198,1.71858,0.819813,0.798553,3.28323,2.97108,1.12706,2.1107,5.11415,5.2135,5.30829,5.39851,5.48422,3.37221,5.64248,3.24798,4.38839,3.83412,5.91016,5.96788,6.0223,6.07359,6.12195,6.16755,6.21056,6.25116,6.2895,6.32574
1.103448275862069089e-01,0.0848906,0.122663,0.16723,0.218503,0.276387,0.252791,0.387328,1.09585,0.610372,0.618503,0.516796,0.0307778,0.114776,0.360373,0.707841,1.20977,1.6955,1.85926,1.90365,1.89623,1.51446,1.09853,1.26645,2.01349,2.68038,2.89467,2.16232,2.1041,2.61996,2.44291,2.10562,3.17811,1.69476,1.12914,1.00989,0.634987,0.857318,0.398566,0.702758,1.07838,2.48502,3.55515,1.10378,1.35142,3.32238,5.50013,5.59562,5.68577,5.77069,5.85055,5.92556,5.99593,6.06192,6.12375,6.18169,6.23599,6.2869,6.33466,6.37949,6.42163,6.4613,6.49869,nan,nan,nan
1.206896551724137984e-01,0.0929219,0.134267,0.183048,0.239169,0.302522,0.372382,0.586686,0.621153,0.68167,0.644013,0.624387,0.846449,0.599391,1.12579,0.960283,1.34331,2.05151,2.13025,2.46061,1.75633,1.2375,1.33959,1.67645,3.12086,2.66348,2.51994,2.5719,2.15667,2.65551,2.78194,3.17565,3.37151,1.37352,1.9657,0.841141,1.12448,0.751265,0.467229,1.36165,0.835539,2.42547,3.48026,3.59843,2.39018,4.89537,5.84396,4.8613,5.41234,6.09412,6.16658,6.2341,6.29701,3.7454,6.41037,6.46148,6.50931,6.55415,nan,nan,nan,nan,nan,nan,nan,nan
1.310344827586207017e-01,0.100973,0.145899,0.198903,0.259883,0.328719,0.151144,0.495904,0.549406,1.11182,0.612964,0.67035,0.63751,0.38183,1.32359,0.993026,1.37331,1.97411,2.1402,2.17375,1.98171,1.43427,1.14696,2.13708,2.5753,2.98836,2.62284,2.13027,2.47098,2.08453,3.49916,3.65811,2.15828,1.73782,0.980973,0.67883,0.863845,0.956588,1.38622,0.986435,2.2241,4.26,4.2035,2.80591,3.835,6.0578,6.14545,6.22675,6.30211,6.37197,6.43677,6.49698,6.55303,nan,nan,nan,nan,nan,nan,nan,nan,nan,nan,nan,nan,nan
1.413793103448275912e-01,0.109045,0.157562,0.214801,0.28065,0.354981,0.284083,0.628798,0.764416,1.17652,0.556543,0.763056,0.655045,0.489488,1.58312,0.992987,1.54356,2.08186,2.11378,2.44793,2.02881,1.25319,1.10075,2.18913,2.69226,2.59484,2.22906,1.99433,1.99769,3.33426,2.83337,3.19482,1.8892,1.34821,0.779556,0.999642,0.650435,1.23635,0.904325,2.04073,2.95739,5.9382,3.60626,2.39967,5.31629,5.99126,4.49556,3.82132,5.4191,4.6871,nan,nan,nan,nan,nan,nan,nan,nan,nan,nan,nan,nan,nan,nan,nan,nan
1.517241379310345084e-01,0.117141,0.169258,0.230743,0.301475,0.381315,0.34672,0.697526,0.825772,1.13075,0.467196,0.712056,0.924716,0.800085,1.13688,1.2338,1.59831,2.19445,2.33811,2.35387,1.95768,1.1604,1.14699,2.00291,1.86453,1.83581,2.65444,1.84809,2.29772,2.85094,2.11024,4.07969,2.35032,2.02356,1.47957,1.10288,1.57191,1.20301,1.02562,2.00308,1.89481,4.51321,3.59848,2.13325,4.86976,4.16068,4.48946,nan,nan,nan,nan,nan,nan,nan,nan,nan,nan,nan,nan,nan,nan,nan,nan,nan,nan,nan
1.620689655172413979e-01,0.125262,0.18099,0.246733,0.322362,0.407727,0.76819,0.522131,0.792776,0.967329,0.778935,0.681602,1.08023,0.726974,1.12627,1.10412,1.73229,2.23693,2.45797,2.58391,2.35087,1.73439,1.76273,2.12071,2.29543,2.08767,2.66295,2.28793,2.44542,3.58629,2.83766,3.14402,2.96544,0.990193,1.55341,1.02521,0.939237,1.16071,0.753471,1.48482,5.28018,4.79621,3.17266,3.12892,nan,nan,nan,nan,nan,nan,nan,nan,nan,nan,nan,nan,nan,nan,nan,nan,nan,nan,nan,nan,nan,nan
1.724137931034482873e-01,0.13341,0.19276,0.262775,0.343315,0.434221,0.639355,0.572208,0.614886,0.722731,0.90683,0.866947,1.00467,0.947396,1.09392,1.67143,1.78733,2.32187,2.20675,2.41079,1.82834,1.71391,1.82671,2.48529,2.04521,2.37098,1.9255,2.72597,2.74966,3.85784,2.78874,2.72918,3.08648,2.14333,1.26694,1.30886,0.937305,0.669354,1.57892,1.09814,2.63955,4.66122,nan,nan,nan,nan,nan,nan,nan,nan,nan,nan,nan,nan,nan,nan,nan,nan,nan,nan,nan,nan,nan,nan,nan,nan
1.827586206896552046e-01,0.141586,0.204571,0.278872,0.36434,0.460803,0.665476,0.685923,0.799966,0.788639,0.879407,0.897857,1.32029,0.991436,1.58656,2.069,1.88015,2.34058,2.24525,2.43923,1.94946,1.75728,1.64739,2.2201,2.01921,3.45891,2.61926,2.8832,2.73763,4.16537,2.47135,3.29092,3.34115,1.29539,1.19005,1.80263,1.0744,1.32299,1.98117,3.15717,nan,nan,nan,nan,nan,nan,nan,nan,nan,nan,nan,nan,nan,nan,nan,nan,nan,nan,nan,nan,nan,nan,nan,nan,nan,nan
1.931034482758620940e-01,0.149793,0.216426,0.295028,0.38544,0.487479,0.56688,0.725594,0.868221,0.735683,0.880646,0.9583,1.5232,1.07641,1.28075,2.21526,1.97275,2.2481,2.51361,2.38783,2.05556,1.88182,2.1748,2.69976,2.39142,2.8763,3.48454,2.77513,3.25717,4.05204,1.85783,2.92868,5.94048,2.84736,2.95076,2.64977,1.12053,2.17608,nan,nan,nan,nan,nan,nan,nan,nan,nan,nan,nan,nan,nan,nan,nan,nan,nan,nan,nan,nan,nan,nan,nan,nan,nan,nan,nan,nan
2.034482758620689835e-01,0.158033,0.228328,0.311247,0.406621,0.514256,0.560397,1.02184,1.13016,0.599122,1.07735,1.02699,1.62372,0.959169,1.70388,2.39811,1.998,2.44249,2.64514,2.87855,1.91496,1.73862,1.87877,2.9063,2.81098,3.3976,3.49928,3.19276,3.68461,3.75848,3.16388,2.64972,4.27664,1.9954,1.51733,1.96449,1.31146,nan,nan,nan,nan,nan,nan,nan,nan,nan,nan,nan,nan,nan,nan,nan,nan,nan,nan,nan,nan,nan,nan,nan,nan,nan,nan,nan,nan,nan
2.137931034482759007e-01,0.166307,0.240278,0.327531,0.427887,0.541138,0.437039,0.60395,0.605203,0.724927,1.27846,1.07689,1.6105,0.875607,1.68572,2.38487,2.15316,2.15421,2.60831,2.66925,2.19083,1.59572,2.55075,3.15549,3.14146,3.56626,2.77093,2.93534,4.17218,3.30506,2.29629,2.05959,3.51243,1.78902,1.70757,nan,nan,nan,nan,nan,nan,nan,nan,nan,nan,nan,nan,nan,nan,nan,nan,nan,nan,nan,nan,nan,nan,nan,nan,nan,nan,nan,nan,nan,nan,nan
2.241379310344827902e-01,0.174617,0.252281,0.343886,0.449242,0.568131,0.438838,0.817877,1.19506,0.158167,0.82803,1.12349,2.16605,1.23128,1.84786,2.61365,2.23751,1.9961,2.5994,2.02914,1.66032,1.68538,2.71427,3.30106,3.47528,3.58177,2.94709,3.16804,3.69719,4.19048,3.02419,1.84784,3.67817,2.0831,nan,nan,nan,nan,nan,nan,nan,nan,nan,nan,nan,nan,nan,nan,nan,nan,nan,nan,nan,nan,nan,nan,nan,nan,nan,nan,nan,nan,nan,nan,nan,nan
2.344827586206896797e-01,0.182965,0.264338,0.360315,0.470693,0.595242,0.643093,0.774311,0.981273,0.097779,0.469638,1.14245,1.25613,1.38568,2.63118,2.62247,2.49186,2.3604,2.69746,2.81608,2.40439,2.07034,2.74313,3.17552,3.99144,4.42133,3.43904,4.2749,4.62876,2.9049,2.63333,2.44866,4.11302,nan,nan,nan,nan,nan,nan,nan,nan,nan,nan,nan,nan,nan,nan,nan,nan,nan,nan,nan,nan,nan,nan,nan,nan,nan,nan,nan,nan,nan,nan,nan,nan,nan
2.448275862068965691e-01,0.191355,0.276454,0.37682,0.492243,0.622478,0.449403,1.0101,1.20251,1.20436,1.15899,1.18215,1.80856,1.91192,2.63388,2.72246,2.58538,2.59258,3.04268,3.27347,2.72607,2.21763,3.06028,2.70891,3.57663,3.03214,2.71271,3.79172,4.28277,3.31572,3.71801,3.51425,nan,nan,nan,nan,nan,nan,nan,nan,nan,nan,nan,nan,nan,nan,nan,nan,nan,nan,nan,nan,nan,nan,nan,nan,nan,nan,nan,nan,nan,nan,nan,nan,nan,nan
2.551724137931035141e-01,0.199786,0.288629,0.393408,0.513898,0.649843,0.570637,1.07046,1.02526,1.26303,1.22933,1.29316,1.65892,1.91727,2.61466,2.25651,2.60253,2.77346,3.11589,3.49702,3.61652,2.7745,3.38382,2.6818,3.76601,2.99036,3.29303,4.31353,3.43876,3.25133,3.40503,nan,nan,nan,nan,nan,nan,nan,nan,nan,nan,nan,nan,nan,nan,nan,nan,nan,nan,nan,nan,nan,nan,nan,nan,nan,nan,nan,nan,nan,nan,nan,nan,nan,nan,nan
2.655172413793103758e-01,0.208262,0.300869,0.410081,0.535663,0.677344,0.834815,1.01599,1.03663,1.06523,1.27751,1.24924,0.37298,1.48335,2.67034,2.30073,2.40221,2.81568,2.97083,3.26907,3.13598,3.07866,3.95555,4.35977,3.75205,3.24267,4.04278,4.34851,4.74473,3.56194,nan,nan,nan,nan,nan,nan,nan,nan,nan,nan,nan,nan,nan,nan,nan,nan,nan,nan,nan,nan,nan,nan,nan,nan,nan,nan,nan,nan,nan,nan,nan,nan,nan,nan,nan,nan
2.758620689655172376e-01,0.216785,0.313175,0.426844,0.557544,0.704988,0.896431,1.06666,1.22522,0.772312,0.762949,1.44016,0.0133265,1.4696,2.67807,2.55901,2.5837,2.80646,2.97073,3.07658,3.03939,3.35027,4.01501,4.33669,3.66063,2.77087,4.13034,4.18538,3.65764,nan,nan,nan,nan,nan,nan,nan,nan,nan,nan,nan,nan,nan,nan,nan,nan,nan,nan,nan,nan,nan,nan,nan,nan,nan,nan,nan,nan,nan,nan,nan,nan,nan,nan,nan,nan,nan
2.862068965517241548e-01,0.225356,0.325551,0.4437,0.579544,0.732782,0.810554,0.919999,1.29659,0.642725,1.29036,1.30815,0.518182,1.37283,2.70068,2.39565,2.55565,2.8712,3.24852,3.45916,3.23034,2.61893,3.09771,3.36568,3.19094,3.4489,3.50863,4.73373,nan,nan,nan,nan,nan,nan,nan,nan,nan,nan,nan,nan,nan,nan,nan,nan,nan,nan,nan,nan,nan,nan,nan,nan,nan,nan,nan,nan,nan,nan,nan,nan,nan,nan,nan,nan,nan,nan
2.965517241379310720e-01,0.233979,0.337999,0.460654,0.601671,0.760732,0.797858,1.09517,1.27444,1.49773,1.36641,1.31687,0.624463,2.32576,2.80186,2.56673,2.53771,2.8485,3.14169,3.48295,3.58756,2.8594,3.28837,3.54472,3.32259,3.91649,4.29049,nan,nan,nan,nan,nan,nan,nan,nan,nan,nan,nan,nan,nan,nan,nan,nan,nan,nan,nan,nan,nan,nan,nan,nan,nan,nan,nan,nan,nan,nan,nan,nan,nan,nan,nan,nan,nan,nan,nan
3.068965517241379892e-01,0.242655,0.350524,0.477711,0.623929,0.788844,0.37458,0.935152,1.10769,0.785642,0.916978,1.338,0.704352,2.24322,2.70577,2.50337,2.70833,2.85548,3.13974,3.31974,3.71105,3.31738,3.38544,3.47906,3.98541,4.6348,2.43529,nan,nan,nan,nan,nan,nan,nan,nan,nan,nan,nan,nan,nan,nan,nan,nan,nan,nan,nan,nan,nan,nan,nan,nan,nan,nan,nan,nan,nan,nan,nan,nan,nan,nan,nan,nan,nan,nan,nan
3.172413793103449065e-01,0.251387,0.363128,0.494875,0.646323,0.817127,0.784178,1.19216,1.31437,1.25062,1.37279,1.50618,0.607349,2.27471,2.98953,2.81892,2.56155,2.98857,3.29546,3.40463,3.6174,3.86675,3.93778,3.89693,3.95584,4.3807,nan,nan,nan,nan,nan,nan,nan,nan,nan,nan,nan,nan,nan,nan,nan,nan,nan,nan,nan,nan,nan,nan,nan,nan,nan,nan,nan,nan,nan,nan,nan,nan,nan,nan,nan,nan,nan,nan,nan,nan
3.275862068965517682e-01,0.260176,0.375816,0.512149,0.668861,0.845586,1.0419,1.25734,1.29387,1.41197,1.55347,1.67267,1.5316,2.44861,3.0719,2.88861,2.76835,2.94769,3.04109,3.30642,3.72314,3.85076,3.9769,4.06567,4.41037,4.57542,nan,nan,nan,nan,nan,nan,nan,nan,nan,nan,nan,nan,nan,nan,nan,nan,nan,nan,nan,nan,nan,nan,nan,nan,nan,nan,nan,nan,nan,nan,nan,nan,nan,nan,nan,nan,nan,nan,nan,nan
3.379310344827586299e-01,0.269027,0.388589,0.52954,0.691548,0.874229,0.442998,0.984711,1.21185,1.12907,1.62321,1.76885,1.14825,2.46647,3.11973,2.98341,2.82492,3.02646,3.18418,3.29098,3.70092,3.55233,4.0596,4.50434,4.66496,nan,nan,nan,nan,nan,nan,nan,nan,nan,nan,nan,nan,nan,nan,nan,nan,nan,nan,nan,nan,nan,nan,nan,nan,nan,nan,nan,nan,nan,nan,nan,nan,nan,nan,nan,nan,nan,nan,nan,nan,nan
3.482758620689655471e-01,0.27794,0.401452,0.547051,0.714389,0.903064,1.11262,0.707497,1.18278,1.39434,1.57562,1.77387,1.46701,2.53686,3.07319,3.00078,3.14441,3.07259,2.94537,2.9289,3.8435,3.41477,3.75789,4.52789,nan,nan,nan,nan,nan,nan,nan,nan,nan,nan,nan,nan,nan,nan,nan,nan,nan,nan,nan,nan,nan,nan,nan,nan,nan,nan,nan,nan,nan,nan,nan,nan,nan,nan,nan,nan,nan,nan,nan,nan,nan,nan
3.586206896551724643e-01,0.286918,0.414409,0.564688,0.737391,0.932098,1.14832,1.2166,1.01742,1.02706,1.7556,1.81603,1.30751,2.48714,3.08027,3.04585,3.25048,2.98244,2.81553,3.32026,3.62824,3.64246,4.42992,5.00461,nan,nan,nan,nan,nan,nan,nan,nan,nan,nan,nan,nan,nan,nan,nan,nan,nan,nan,nan,nan,nan,nan,nan,nan,nan,nan,nan,nan,nan,nan,nan,nan,nan,nan,nan,nan,nan,nan,nan,nan,nan,nan
3.689655172413793816e-01,0.295965,0.427463,0.582454,0.76056,0.961339,1.18428,0.264369,1.33946,0.428096,1.75445,1.89235,1.51253,2.39084,3.00732,3.16936,3.30401,3.30011,2.88237,3.76534,4.13451,4.0955,4.58707,nan,nan,nan,nan,nan,nan,nan,nan,nan,nan,nan,nan,nan,nan,nan,nan,nan,nan,nan,nan,nan,nan,nan,nan,nan,nan,nan,nan,nan,nan,nan,nan,nan,nan,nan,nan,nan,nan,nan,nan,nan,nan,nan
3.793103448275862988e-01,0.305083,0.440618,0.600357,0.783903,0.990794,1.2205,1.3129,1.27813,2.03988,1.60961,1.81709,1.76098,2.72665,3.16553,2.90376,3.4393,3.19769,3.20996,3.92684,4.72224,4.09897,4.99906,nan,nan,nan,nan,nan,nan,nan,nan,nan,nan,nan,nan,nan,nan,nan,nan,nan,nan,nan,nan,nan,nan,nan,nan,nan,nan,nan,nan,nan,nan,nan,nan,nan,nan,nan,nan,nan,nan,nan,nan,nan,nan,nan
3.896551724137931050e-01,0.314274,0.453877,0.6184,0.807426,1.02047,0.775794,1.27284,1.45555,1.08616,1.71623,1.85415,2.08367,2.62102,3.08738,3.07913,3.16667,3.20155,3.39106,4.29807,4.25576,4.04584,4.19593,nan,nan,nan,nan,nan,nan,nan,nan,nan,nan,nan,nan,nan,nan,nan,nan,nan,nan,nan,nan,nan,nan,nan,nan,nan,nan,nan,nan,nan,nan,nan,nan,nan,nan,nan,nan,nan,nan,nan,nan,nan,nan,nan
4.000000000000000222e-01,nan,nan,nan,nan,nan,nan,nan,nan,nan,nan,nan,nan,nan,nan,nan,nan,nan,nan,nan,nan,nan,nan,nan,nan,nan,nan,nan,nan,nan,nan,nan,nan,nan,nan,nan,nan,nan,nan,nan,nan,nan,nan,nan,nan,nan,nan,nan,nan,nan,nan,nan,nan,nan,nan,nan,nan,nan,nan,nan,nan,nan,nan,nan,nan,nan
